[
  {
    "instrument": "Siglent SDS5104X",
    "serial number": "SDS5XCAC3R0055",
    "ip": "192.168.1.10",
    "port": 5025,
    "settings": {
      "channels": {
        "CH1": {
          "vdiv": 5.0,
          "offset": 0.0,
          "display": "off"
        },
        "CH2": {
          "vdiv": 0.05,
          "offset": 0.0,
          "display": "off"
        },
        "CH3": {
          "vdiv": 2.0,
          "offset": 0.0,
          "display": "off"
        },
        "CH4": {
          "vdiv": 10.0,
          "offset": 0.0,
          "display": "off"
        }
      },
      "trigger": {
        "source": "EX",
        "slope": "RISing",
        "mode": "SINGle"
      },
      "timescale": {
        "horizontal_div": "1.00E-06"
      }
    }
  }
  ,
  {
    "instrument": "BNC Model 577 Pulse Generator",
    "settings": {
      "mode": "Single Shot",
      "trigger": {
        "status": "enabled",
        "level": 4,
        "edge": "rise"
      },
      "gate": {
        "mode": "Pulse Inhibit",
        "level": "4.00"
      },
      "channels": {
        "chA": {
          "status": "enabled",
          "amplitude": 5,
          "delay": "0.00E+00",
          "width": "1.00E-02",
          "active": "high"
        },
        "chB": {
          "status": "enabled",
          "amplitude": 5,
          "delay": "3.00E-06",
          "width": "1.00E-02",
          "active": "high"
        },
        "chC": {
          "status": "enabled",
          "amplitude": 6,
          "delay": "0.00E+00",
          "width": "5.00E-01",
          "active": "high"
        },
        "chD": {
          "status": "disabled",
          "amplitude": 5,
          "delay": "0.00E+00",
          "width": "1.00E-02",
          "active": "high"
        },
        "chE": {
          "status": "disabled",
          "amplitude": 5,
          "delay": "0.00E+00",
          "width": "1.00E-02",
          "active": "high"
        },
        "chF": {
          "status": "disabled",
          "amplitude": 5,
          "delay": "0.00E+00",
          "width": "1.00E-02",
          "active": "high"
        },
        "chG": {
          "status": "disabled",
          "amplitude": 5,
          "delay": "0.00E+00",
          "width": "1.00E-02",
          "active": "high"
        }
      }
    }
  }
]