{
  "instrument": "Siglent SDS5104X",
  "serial number": "SDS5XCAC3R0055",
  "ip": "192.168.1.10",
  "port": 5025,
  "MAC address": "74:5B:C5:20:00:68",
  "settings": {
    "channels": {
      "CH1": {
        "vdiv": 1.0,
        "offset": 0,
        "display": "on"
      },
      "CH2": {
        "vdiv": 5.0,
        "offset": 0,
        "display": "on"
      },
      "CH3": {
        "vdiv": 2.0,
        "offset": 0,
        "display": "off"
      },
      "CH4": {
        "vdiv": 2.0,
        "offset": 0,
        "display": "on"
      }
    },
    "trigger": {
      "source": "EXT",
      "slope": "RISE",
      "mode": "SINGLE"
    },
    "timescale": {
      "horizontal_div": "1E-6"
    }
  }
}

